Freq (Hz), Test Phi (deg), Test Theta (deg), Probe Phi (deg), S21 (db), S21 (deg)
1.000000000000000000e+09,1.000000000000000000e+00,2.000000000000000000e+00,3.000000000000000000e+00,-3.703710999999999842e+01,8.135545999999999367e+01
2.000000000000000000e+09,1.000000000000000000e+00,2.000000000000000000e+00,3.000000000000000000e+00,-2.903320000000000078e+01,-3.717528999999999861e+00
3.000000000000000000e+09,1.000000000000000000e+00,2.000000000000000000e+00,3.000000000000000000e+00,-2.422948999999999842e+01,3.802734000000000236e+01
1.000000000000000000e+09,1.000000000000000000e+00,2.000000000000000000e+00,3.000000000000000000e+00,-3.703710999999999842e+01,8.135545999999999367e+01
2.000000000000000000e+09,1.000000000000000000e+00,2.000000000000000000e+00,3.000000000000000000e+00,-2.903320000000000078e+01,-3.717528999999999861e+00
3.000000000000000000e+09,1.000000000000000000e+00,2.000000000000000000e+00,3.000000000000000000e+00,-2.422948999999999842e+01,3.802734000000000236e+01
