Freq (Hz), Test Phi (deg), Test Theta (deg), Probe Phi (deg), S21 (db), S21 (deg)
0.000000000000000000e+00
0.000000000000000000e+00
0.000000000000000000e+00
0.000000000000000000e+00
0.000000000000000000e+00
0.000000000000000000e+00
