Freq (Hz), Test Phi (deg), Test Theta (deg), Probe Phi (deg), S21 (db), S21 (deg)
-1.000000000000000000e+00,-1.000000000000000000e+00,-1.000000000000000000e+00,-1.000000000000000000e+00,-1.000000000000000000e+00,-1.000000000000000000e+00
1.000000000000000000e+09,1.000000000000000000e+00,2.000000000000000000e+00,3.000000000000000000e+00,-3.678515000000000157e+01,8.021875000000000000e+01
2.000000000000000000e+09,1.000000000000000000e+00,2.000000000000000000e+00,3.000000000000000000e+00,-2.952637000000000000e+01,-1.029297000000000040e+01
3.000000000000000000e+09,1.000000000000000000e+00,2.000000000000000000e+00,3.000000000000000000e+00,-2.416992000000000118e+01,4.222852000000000317e+01
